CRISPR_GENE,mean,std_deviation
AARS2,-0.45810833940276696,0.12221842686216221
AASDHPPT,-0.3217292061179885,0.11436786073434156
ABCE1,-0.8514959092012667,0.1049869541093374
ABCG1,-0.4206478271425093,0.08356932121842449
ABHD11,-0.5483878732702098,0.0835909164082139
ABI1,-0.017038565185724695,0.08885901780152464
ABL1,-0.01476715222141294,0.0946153773439253
ABL2,0.27500622723962126,0.10728733862256812
ACACA,-0.22588494780286528,0.1131262050357205
ACLY,-0.2661780529254676,0.12905065027533053
ACO2,-0.41512620781743126,0.12304021109366567
ACSL3,-0.3188583879582409,0.07807741461152214
ACTB,-0.5213377154649205,0.1101207220049109
ACTR1A,-0.7180217042971611,0.10589123374589687
ACVR1,0.1865630250060682,0.09540136055987879
ACVR2A,6.731002670549792e-05,0.08616861048375402
ADAR,-0.2734859431900932,0.10516844371212762
ADAT2,-0.5430007040543832,0.10667370321681617
ADAT3,-0.3277787205632447,0.1171999439352518
ADNP,-0.39242885409079875,0.08374224706852725
ADSL,-0.8460012988589447,0.17006164075201832
ADSS,-0.36273763049283897,0.1409610911306358
AFF1,0.179810682204418,0.0964132265684532
AFF3,-0.12364789997572265,0.0808678661881493
AFF4,0.009726656955571804,0.08956630513781061
AGPAT6,0.22058945132313632,0.11090102609268232
AHCY,-0.7392149793639234,0.12894574710690843
AHCYL1,-0.3792659383345473,0.0926600993468116
AHR,0.07713045642146149,0.08970969608305389
AKT1,0.04917067249332373,0.09787270733353415
AKT2,-0.10890562029618839,0.09162594529736844
ALDOA,-0.984442388929353,0.10096054907129376
ALG1,-0.7934564214615203,0.10120073759869595
ALG2,-1.1220238650157803,0.09345607254494145
ALK,-0.10876097353726659,0.07911352059497366
AMBRA1,0.033009735372663364,0.12388798223073183
AMD1,-0.25798394027676586,0.0908271478136276
ANKRD17,-0.2322962126729782,0.09055584071002873
ANKRD49,-0.42017853848021314,0.12322825573349484
ANKRD52,-0.09498651371692153,0.1043810284985932
ANLN,-0.49406915513474114,0.09056528467406351
AP2M1,-0.629947742170431,0.1326825482604702
AP2S1,-0.7359795095897046,0.11709989122761036
APC,-0.37076047584365074,0.08036992738782456
APOBEC3B,-0.091530504976936,0.08144667599032922
ARF1,-0.33603285991745613,0.07949399959553317
ARF4,-0.6002026584122371,0.08733859818081549
ARHGAP26,0.23691591405680934,0.09990529307704515
ARHGEF12,0.14159072590434607,0.09150612510224845
ARHGEF7,-0.330477664481672,0.10949080233673468
ARID1A,-0.2496210609371217,0.0831008762259034
ARID1B,-0.08183131828113623,0.09345114295932089
ARID2,-0.27171536780772026,0.0929487346363944
ARMC5,-0.34015842437484745,0.09669173447708437
ARMC7,-1.0604590434571552,0.09451417947346277
ARNT,0.11467539451323173,0.10319003897910557
ARPC4,-0.5546891235736825,0.10483742289755113
ARRDC3,0.31440308327263905,0.11696534252706864
ASNA1,-0.6518232337946104,0.10225977101852335
ASPSCR1,-0.1636228939062878,0.09122762502731536
ASXL1,0.04082476329206115,0.10056188956535982
ATF1,-0.17042842923039603,0.08573222545751288
ATIC,-0.35431466375333714,0.155456649003587
ATL2,-0.5996220199077469,0.09487844329911513
ATM,0.05552466618111193,0.10259859394487295
ATP1A1,-1.0771414420975993,0.10983124025837049
ATP1B3,-0.400300315610584,0.1050246130178347
ATP5A1,-0.29446961641174957,0.11239146824656479
ATP5B,-0.5702612527312475,0.10815922869148813
ATP5C1,-0.49859159990288765,0.09825290591181371
ATP5D,-0.5732683296916712,0.10174094713422868
ATP5E,-0.5657447924253487,0.09628597278136812
ATP5I,-0.44509465889779165,0.13290805229470476
ATP6V0E1,-0.13457890264627342,0.0843811914119665
ATP6V1B2,-1.4109993202233533,0.09870463578053591
ATP6V1C1,-0.6025428380674914,0.08903444716126295
ATP6V1G1,-1.0265146880310756,0.10816702909793399
ATR,-0.73597658412236,0.0842585194255456
ATXN7L3,-0.2959322044185482,0.09962832045522148
AXIN1,0.14485257344015537,0.11381807146342661
AXIN2,0.0489050861859674,0.09074657237481329
B2M,0.046363255644574,0.07792261850897603
BAP1,-0.4844216557416848,0.08579905669763165
BARD1,-0.6318935178441388,0.0891877855932936
BAX,0.263997414420976,0.12755033815575473
BCAR1,-0.5962261714008239,0.09506936426899594
BCL10,0.011847280893420756,0.08884232992533066
BCL11A,-0.09608839524156353,0.07694397755689163
BCL11B,0.1821037023549414,0.10499435990879791
BCL2,-0.029806761349842188,0.09383239713085383
BCL2L1,-0.7491421097353723,0.11718701509421808
BCL3,0.08701996843894114,0.09669720862572892
BCL6,0.01765478271425101,0.08372494517231958
BCL7A,0.051019033746054834,0.0939082365757124
BCL9,-0.010409650400582664,0.0868392848116442
BCL9L,-0.1718943190094687,0.08724854393516665
BCR,0.11232552804078644,0.09387279304866554
BCS1L,-0.31611168973051557,0.13119358912561974
BIRC3,0.19478761835397002,0.09307669315190156
BIRC6,-0.2136248725418793,0.09649051897317966
BLM,-0.1244043942704543,0.09717122350001743
BMPR1A,-0.1160460063122114,0.0777424151623271
BOLA2,-0.367331706724934,0.0928077824662769
BRAF,-0.1918610585093466,0.09671405684742819
BRAT1,-0.4023984462248134,0.09850669901053868
BRCA1,-0.5680422554017968,0.08179565574333389
BRCA2,-0.5763138140325312,0.0862251313764667
BRD2,-0.4498781864530222,0.09063331364289799
BRD3,0.25380888565185705,0.11412789100357885
BRD4,-0.838176960427292,0.09251980409580343
BRD9,0.14198463219227933,0.11763074346452107
BRIP1,-0.3729317795581447,0.08492184036299198
BTG1,-0.0783302136440885,0.07697530156775897
BUB1B,-1.1026647365865525,0.10077271093885395
BUB3,-1.6044809055596025,0.11854940361779986
BUD13,-0.5874088006797751,0.09647453229426547
C10orf2,-0.2771288298130622,0.12895252649221473
C11orf30,0.1756074047098807,0.11962806638330119
C14orf80,-0.45383760621510116,0.10906273362248602
C15orf41,-0.08160142024763288,0.11230416266485939
C16orf59,-0.4001748604030108,0.10045516171347779
C16orf72,-0.3561777008982756,0.09509909880513485
C19orf25,-0.4032750789026462,0.09267361595230593
C1orf109,-1.371860451565917,0.10939499417505738
C2orf44,0.1088737072104878,0.11313015966403832
C3orf38,-0.38994606700655476,0.0901859330950869
CAB39,-0.15251591405681017,0.11558722198136209
CACNA1D,0.057121315853362525,0.09689744898563776
CAD,-0.2393829934450111,0.16997616939042826
CALR,-0.1272614590920129,0.08561534665903764
CAMTA1,0.09862714251031833,0.1037426015643126
CAND1,-0.31482165574168514,0.09537075725672037
CANT1,-0.010485154163631915,0.10901072565191178
CAPRIN1,-0.05372449623695063,0.09575946910547485
CARD11,-0.14785177227482346,0.08690355919225749
CARM1,-0.2258116290361736,0.09873768865634182
CARS,-1.0676305535324142,0.095275140838118
CARS2,-0.21691211459092016,0.12276525252035085
CASC3,-0.2847796067006555,0.08268923245567397
CASC5,-0.5532473415877673,0.08009857632748124
CASP8,0.1617399611556207,0.09432749122845978
CBFA2T3,0.08291496722505447,0.09922870928987458
CBFB,-0.20558703568827347,0.11465810369242015
CBL,0.09559809419762073,0.0965281995410533
CBLB,0.14478015294974525,0.10196618297089341
CBLC,-0.009144780286477295,0.1029085421946797
CCAR1,-0.5721252488468073,0.097638966812854
CCDC101,-0.6165962612284517,0.11968644127433367
CCDC115,-0.7970349720806024,0.11081843928854558
CCDC130,-0.657605923767907,0.0898537352595713
CCDC51,0.06090217285748948,0.12826025190177015
CCDC6,-0.1533885530468556,0.08333939978201925
CCNB1IP1,-0.16789711094925863,0.09226170778225837
CCNC,-0.24506034231609686,0.11273566719179108
CCND1,-0.8501121145909186,0.10785651328048768
CCND2,-0.1431948167030836,0.08481363944763048
CCND3,-0.32070050983248377,0.09918894378556406
CCNE1,-0.12073480213644056,0.07574940366048816
CCNL1,-0.562909176984704,0.08568827202080022
CD274,0.19343498421947064,0.10487910149669272
CD74,0.18908285991745588,0.09831554493218257
CD79A,0.2989730759893179,0.12258981886270284
CD79B,0.022845010924981764,0.09752019319524893
CDAN1,-0.9409418669579986,0.11786643518862591
CDC42,-0.9219073925710102,0.10555545104781791
CDC73,-0.7381427409565418,0.08905420769587769
CDCA8,-1.4309073682932756,0.10256871005309035
CDH1,-0.15609214615197875,0.07953224809926014
CDH11,0.16951335275552315,0.09118445961383106
CDH2,-0.085619142995873,0.09217855675646044
CDIPT,-0.8013916605972319,0.1240264204956027
CDK12,-0.2988795702840487,0.08488147081289805
CDK13,-0.10795047341587746,0.09400807102821257
CDK2,-0.6960506190823014,0.07505733879377116
CDK4,-0.45993095411507645,0.08761324818998652
CDK6,-0.5587668123330919,0.10151729970628995
CDKN1A,0.3813509225540189,0.1249860303764699
CDKN1B,0.07960415149308112,0.09987355558831994
CDKN2A,-0.03015235494051961,0.09154180612524147
CDKN2C,0.3789266690944427,0.11193605750602757
CDX2,-0.11916653313911153,0.08606471638853462
CEBPA,-0.16930724690458882,0.10107906041871315
CENPA,-0.7047596139839762,0.10777919410718981
CENPP,-0.38000790240349624,0.09683791817089482
CENPW,-1.2209316460305901,0.0990662846631752
CEP55,-0.4350057659626124,0.09366221961580692
CEPT1,-0.23371462733673237,0.0852113274240293
CFL1,-0.49074770575382337,0.12218764652292477
CFLAR,-0.5798848264141786,0.10684651403058594
CHCHD7,0.12979526584122314,0.10691995508218463
CHD4,-0.9835938334547215,0.08493951638027906
CHEK1,-1.2478915634862806,0.09838855910725856
CHEK2,0.35887810148094285,0.12845001694173314
CHMP3,-0.5696623330905557,0.10788955464591717
CHMP4B,-0.9076863680504962,0.11790549261186736
CHMP5,-0.8789816824471971,0.08976770292647819
CHORDC1,-0.8130370478271416,0.09149262112299922
CIAO1,-1.0470615440640907,0.10808066156741747
CIC,0.04475057052682702,0.11031971022765857
CIITA,0.16416699441612032,0.10741886548812427
CINP,-0.7490131463947554,0.10605241953407747
CLIP1,0.15996158048069892,0.10042245992636464
CLTC,-1.158589912600143,0.09434478946819554
CLTCL1,0.026015452779800902,0.09235258962922337
CMIP,-0.2862752488468071,0.09308614033314441
CNBP,-0.01871695799951444,0.09963613749901774
CNIH4,-0.9529709274095671,0.08738433369641396
CNOT1,-0.6473708788540891,0.08469187638832844
CNOT3,-1.1158639232823504,0.08635786432350592
CNTRL,-0.039009213401310965,0.09556238212413902
COASY,-0.6095405195435781,0.10881819063503505
COG3,-0.8831607793153667,0.09193170311753927
COG7,-0.2858844136926437,0.09832633165541
COL1A1,0.13158559116290408,0.11585934124231863
COL2A1,0.10716837824714712,0.10273471026599007
COPE,-0.8279565914056795,0.09529553234394332
COQ2,-0.32445682204418624,0.11502757426766641
COQ4,-0.47029418548191376,0.12180373150455877
COX11,-0.3248987011410541,0.11195788298303083
COX17,-0.682518232580722,0.08871688963557954
COX4I1,-0.13718431658169453,0.12830045293781073
COX6B1,-0.0629700776887592,0.12907669015553852
COX7C,-0.723053823743623,0.09640457218694158
CREB1,-0.02602541879096877,0.08631626384629237
CREB3L1,0.23406618111192024,0.11056026225527882
CREB3L2,0.20543012867200733,0.10222724443603406
CREBBP,-0.1755186817188646,0.0979993731461262
CRKL,-0.6884406894877418,0.1130781608614681
CRLS1,-0.5334727118232573,0.0977045575143243
CRTC1,-0.04726103423160968,0.10078345060091218
CRTC3,-0.0890293517844137,0.09947978787922974
CSF3R,-0.05514049526584142,0.09165953903568598
CSK,0.06504166059723235,0.10624597647271321
CSNK2A1,-0.11842594076232067,0.08204431259235472
CTC1,-0.2960247875697978,0.10086430328130798
CTCF,-1.221878756979844,0.09566563417363663
CTDNEP1,-0.327703398883224,0.09969213214715368
CTDSPL2,-0.09566376547705771,0.10192994515165994
CTNNA1,0.042197742170429674,0.10767942269582155
CTNNB1,-0.1438434814275311,0.09368026826093745
CTU2,-0.6872083515416367,0.09726276786018866
CUL2,-0.7078772032046633,0.0867599609571879
CUL3,-0.3791815610585101,0.09241315159991509
CUX1,0.26925315610585054,0.10534041596351104
CXCR4,0.12751762563729063,0.08748987339226964
CYB5B,-0.22268201019665043,0.09991723744025623
CYC1,-0.5417843287205613,0.1378361136288338
CYCS,-0.6825248725418772,0.10903186790873083
CYLD,-0.14539230395727193,0.08462605722848149
DAD1,-1.2053966739499855,0.09761146790106534
DAP3,-0.30018046856033004,0.12758431594475078
DARS2,-0.1604826535566889,0.13418701210773606
DAXX,-0.30156427530954116,0.0894366758910642
DBF4,-0.5797874605486769,0.08856499272142405
DCLRE1B,-0.7758482034474348,0.09748808720022716
DCPS,-0.26001881524641857,0.1264712573746783
DCTN1,-0.39049901675163895,0.09768155474632405
DDB2,-0.023422323379461058,0.09325405925980115
DDI2,-0.1862239257101236,0.10097238189279031
DDIT3,-0.04943441369264382,0.10323278321440126
DDR2,0.09784028890507365,0.09782724493553249
DDX10,-1.0076843287205635,0.08793164097573376
DDX27,-0.7910864044671033,0.08357680478921177
DDX39B,-0.3495413692643836,0.10061864546961063
DDX5,-0.48875083758193677,0.08178694367098052
DDX6,-0.606246431172616,0.08666003826647684
DEK,0.2294235979606702,0.1040875145196247
DEPDC5,0.3865340495265838,0.1309717638476288
DERL2,-0.4653452172857491,0.08846242403941344
DET1,-0.31618494780286455,0.09642952172469968
DHFR,-0.5852435785384785,0.12546824521693925
DHODH,-0.5028629521728576,0.1216155410478075
DHPS,-0.8243601116775935,0.10309291067621601
DHX29,-0.14162025977178933,0.12299821506443363
DHX33,-1.007064930808447,0.09732749763747016
DICER1,-0.5534488710852136,0.09081883574197686
DLD,-0.10018117261471253,0.13448520732520108
DLST,-0.2583100024277735,0.12545268960424505
DNAJB1,-0.21976108278708453,0.08155466421993239
DNAJC11,-0.4978416848749699,0.11882854483218842
DNAJC13,-0.2911942461762569,0.08251269762376783
DNAJC9,-1.1022003884437948,0.1114538899378215
DNLZ,-0.308592158290847,0.11597722073212458
DNM1L,-0.5377307234765721,0.09692177797393402
DNM2,-0.9602804928380675,0.11648917279052845
DNMT3A,0.21414033746054884,0.11896070219977598
DOHH,-0.5591801043942712,0.11556136698667453
DOLK,-0.48015855790240336,0.11271283841746196
DOLPP1,-0.30660294974508295,0.09404296597136638
DONSON,-1.4501255280407845,0.08960554249659929
DOT1L,0.03057210487982525,0.1184474962074657
DPAGT1,-1.3442384802136413,0.10371210395908398
DPF2,-0.3688070405438222,0.08750050523327134
DPH5,-0.1460753338188877,0.12713195225159094
DROSHA,-0.3391092862345236,0.089882385491305
DSCC1,-0.1355080116533138,0.12491832797336015
DTYMK,-1.2387192643845588,0.1279325260261581
DUSP4,0.09509848264141764,0.11116629844759852
DYNLL1,-0.47196541636319456,0.08323576968367581
DYNLRB1,-1.2610723962126729,0.10080685458058888
DYRK1A,-0.03922284535081326,0.0987365141454846
EAF1,-0.3329722262685105,0.10399444869197833
EARS2,-0.4677435421218752,0.13796249744255729
EBF1,-0.00551612041757709,0.09289795854339607
EED,-0.15755887351298903,0.12115208364486105
EEF2,-1.589828356397184,0.09954108700154958
EEFSEC,-0.42626914299587354,0.09641828433590227
EFR3A,-0.24043349113862572,0.1122577074329458
EGFR,0.07684169701383842,0.1367822179515277
EGLN1,-0.30951041514930805,0.09811376890749253
EIF2AK4,-0.039459516873027387,0.10205694146837221
EIF3C,0.42020768390386054,0.15691081846280935
EIF3E,-1.120044209759653,0.08991535496434606
EIF4A1,-1.1354864894391823,0.09105008237313528
EIF4A2,-0.09807762806506438,0.0813502940270799
EIF4G2,-0.6460223597960645,0.08192056696123982
EIF5A,-0.7481959456178692,0.08725766119552424
EIF6,-0.863122541879098,0.09117912006275312
ELK4,0.33090169944161296,0.11533513892129174
ELL,-0.8934507040543834,0.09980058493297464
ELMO2,-0.3360559966011177,0.1029308664121242
ELOF1,-0.2678850084972076,0.09699020189796737
ELP2,-0.5731094197620775,0.1046372093595176
EML4,-0.13258761835396984,0.08272923476710502
ENO1,-0.4906709881039063,0.1122989719240019
EP300,-0.33771454236465287,0.1321904564653136
EPAS1,0.11888339402767661,0.10406915382287842
EPC2,-0.3514286720077679,0.08342736425501782
EPS15,-0.008545144452537037,0.08725309610492556
ERAL1,-0.2900970016994418,0.11925995778324558
ERBB2,-0.17205593590677398,0.10283789250362817
ERBB3,-0.01824692886622979,0.11616046429015942
ERBB4,0.07984569070162675,0.0905690803763943
ERC1,-0.016451735858218037,0.0817475503879941
ERCC2,-0.7438337703326041,0.09729773005816306
ERCC3,-0.4781663631949491,0.09286213954862918
ERCC4,-0.2695669579995144,0.09635060463027968
ERCC5,-0.005425928623452279,0.08797137276151695
ERG,0.06354492595290111,0.09024518902487046
ESR1,-0.0757657319737799,0.08113881803849902
ETNK1,0.08927245690701655,0.09069048301611134
ETV1,0.31546125273124664,0.1147810596833743
ETV4,-0.001675952901189602,0.09202086866707986
ETV5,-0.06562603787327033,0.08682033616972443
ETV6,0.12335018208303047,0.09991567253782052
EWSR1,-0.7737724811847532,0.07986057557325485
EXOSC8,-1.1281809783928085,0.09786790778533816
EXT1,-0.16176115562029583,0.08941338229784228
EXT2,-0.2275952779800921,0.0906532788220794
EZH2,0.1451261956785628,0.10480460516723414
EZR,0.10103372177713046,0.08949842690550015
FADD,-0.17170223355183278,0.09034578161033882
FAF2,-0.5539506676377766,0.08658869471728912
FAM25A,0.10442583151250256,0.13548154517376995
FAM46C,0.18249261956785645,0.10040567679862704
FAM98B,-0.3396452172857485,0.11963884139485638
FANCA,-0.2205482641417817,0.0958687349055141
FANCC,-0.18677006554989126,0.1000125165862824
FANCD2,-0.14215683418305447,0.09507439366843051
FANCE,-0.0772692401068221,0.09851405515732295
FANCF,-0.38085949259529067,0.08595099206091956
FANCG,-0.07860867929108989,0.11429959393098639
FARS2,-0.3803895605729537,0.134865491433441
FAS,-0.061357829570284135,0.08498369471446439
FASN,-0.06437535809662548,0.1256996826592949
FASTKD5,-0.3012466860888568,0.12555395702972902
FAT1,0.1527124908958488,0.09506258629207313
FAT4,0.09622613498421957,0.09773034883375782
FAU,-1.480116873027433,0.10260296331690047
FBXO11,-0.05895575382374374,0.10813764615046617
FBXO42,-0.10271369264384549,0.10307802627988406
FBXW11,-0.30797687545520835,0.08767930308770644
FBXW7,0.06169366351056113,0.09412821647794652
FCF1,-0.973590543821316,0.09104219564510184
FCGR2B,0.03845007283321211,0.09304791721814702
FCHO2,0.014526741927652296,0.1164736409702987
FCRL4,-0.065337096382617,0.0906979839907888
FDFT1,-0.02269457392571022,0.08999524797107293
FDPS,-0.6299143602816195,0.09968934431103801
FDXR,-0.5882991138625889,0.11483783597085902
FECH,-0.22105031561058486,0.11553054485560138
FEN1,-0.8154975236707932,0.11354590764395836
FERMT2,-0.592171534352998,0.17368180228680924
FES,0.12122129157562538,0.10904579055897975
FEV,-0.04518187666909437,0.08313667230024824
FGFR1,-0.04640212430201505,0.08233327972533798
FGFR1OP,-0.6263710973537258,0.09126174820079973
FGFR2,0.054961143481427464,0.08731108149422244
FGFR3,0.08997023549405221,0.09185159374412696
FGFR4,0.0810398519058021,0.10072825678433915
FH,-0.2594808205875207,0.09596548089741137
FHIT,0.23033735129885888,0.12228507341065369
FIP1L1,-0.7527499514445237,0.08914503942869699
FIS1,-0.3636136805049767,0.09552583496336886
FLCN,0.008154928380674898,0.09910396360733323
FLI1,-0.010271218742413211,0.09548673114602427
FLII,-0.33783976693372053,0.09654653434256787
FLT3,-0.190024896819617,0.08216768881484902
FLT4,0.1391812211701871,0.09829963749104555
FOSL1,-0.16809471959213435,0.1183433431409676
FOXA1,0.018929630978392845,0.10046545760375405
FOXK1,-0.10701336489439188,0.09755807283087858
FOXL2,-0.3087320344743863,0.09611837273684869
FOXO1,-0.11958946346200579,0.08081994936446173
FOXO3,0.06290358096625404,0.11315887361527734
FOXP1,-0.05256854819130873,0.08237792731414438
FOXRED1,-0.12928238650157786,0.12236273176529079
FPGS,-0.3191089342073321,0.1211886452102682
FSTL3,0.18154789997572182,0.09858489020964951
FTSJ2,-0.17374128429230412,0.13319355964099322
FUBP1,-0.19904005826656976,0.08617352847061839
FURIN,-0.12064178198591871,0.08493178274447931
FUS,0.02385341102209281,0.11214497745046224
FXN,-0.5286697499393063,0.1052597353876022
FZR1,-0.14825370235493993,0.100289139567468
GABPB1,-0.3544576717649926,0.09309179277871957
GAK,-0.4293544306870584,0.10432967087539008
GART,-0.17304368778829848,0.15395507247791684
GAS7,0.009952682689973283,0.08408315634438475
GATA2,0.25337526098567614,0.10738608639450253
GATA3,-0.26850762320951654,0.07156093601028721
GATC,-0.15865286477300286,0.1279631431308489
GCN1L1,-0.557218948773974,0.0863848359944659
GET4,-0.1304991138625876,0.10600609878354648
GFM1,-0.39271221170186965,0.12420207992764001
GFM2,0.026416253945132296,0.12938667615221994
GFPT1,-0.3559885651857233,0.11713611318564782
GGNBP2,-0.2673992716678791,0.08907736926366007
GGPS1,-0.9843542364651598,0.1151513831017399
GLRX3,-0.44820273124544646,0.08885474468420217
GLRX5,-0.36520424860402984,0.12441832050276859
GMNN,-0.38987647487254207,0.11086588761982327
GMPPB,-0.6747649550861844,0.11327036284856797
GMPS,-0.7088070162660829,0.15054955684777813
GNA11,-0.08335291332847786,0.09385119008667203
GNAQ,-0.1879684874969649,0.08858881642263414
GNAS,0.01553322408351544,0.09285565009660879
GNB1L,-0.6677890143238655,0.11142860279013478
GNB2L1,-1.4724569312940055,0.10455773737121651
GOLGA5,0.04984459820344748,0.09373515738432432
GOPC,0.09201858460791426,0.09610753082116391
GPHN,0.05144857975236691,0.09218957895488243
GPI,-0.2766655134741447,0.10576260909205565
GPR89A,-0.2874962248118481,0.10665743017293221
GPX4,-0.5299130857004125,0.11202739382141857
GRB2,-0.7119114226754037,0.11512973165030867
GRHL2,-0.09670489196406906,0.12191965297325308
GRIN2A,-0.12400973537266363,0.09185477342112157
GRSF1,-0.26061020878854174,0.1266948216230779
GTF3A,-1.0335661325564496,0.09409879857391662
GTF3C6,-0.5940168366108289,0.11850264497093847
H2AFX,-0.41645835154163746,0.12637889719713113
H2AFZ,-0.6224126608400112,0.09150358399344714
H3F3A,-0.48730495265841217,0.09031483754504573
H3F3B,-0.29465219713522695,0.0834499799408494
HARS2,-0.5267993202233548,0.13371202645233146
HAUS1,-1.3229935785384774,0.10831869323657765
HDAC3,-0.8730982884195215,0.09769119127319094
HEATR3,-0.17200854576353458,0.11326014496195212
HECTD1,-0.49855030347171814,0.08509479621333003
HERPUD1,0.016831937363437712,0.08060987056040317
HEY1,-0.043503896576839,0.07854659777457981
HIF1A,0.29619847050254994,0.10690828274841317
HIP1,0.03941297645059464,0.09238480312193026
HIRA,-0.7432417819859177,0.0924228710141948
HIST1H3B,-0.11374622481184732,0.10484164761778317
HIST1H4I,0.4871665452779789,0.16850635893977822
HIST2H2AC,-0.6419118839524149,0.0878368508121307
HIST2H3A,-1.2267257708181585,0.11063840917252103
HIST2H3D,-0.6444371934935696,0.09115355111850636
HLA-A,-0.1900851784413696,0.07618344664773252
HLF,-0.056312952172857485,0.0801747920751447
HMGA1,-0.436736100995388,0.08615914726756384
HMGA2,-0.08018242291818398,0.08593986010630263
HMGCS1,-0.868456530711338,0.0936291057161142
HNF1A,-0.06742517601359574,0.1005253093971243
HNF1B,-0.19201352269968422,0.09042620240438264
HNRNPA2B1,-0.2390617747025985,0.10380109782087739
HNRNPH1,-1.0398357368293256,0.0988456010291356
HOOK3,0.185019106579266,0.11181876716387591
HOXA11,-0.08093423160961406,0.08514664890184545
HOXA13,-0.14889093226511324,0.07913041982797155
HOXA9,-0.05187936392328254,0.08416501307585082
HOXC11,-0.11672493323622242,0.09256084859031556
HOXC13,-0.04870968681718879,0.0869511851838654
HOXD11,-0.23137651128914846,0.07670756173484135
HOXD13,-0.20631251517358654,0.07748420655252738
HRAS,-0.1924470381160474,0.08433502446426086
HSCB,-0.5198919640689514,0.11559451241227953
HSD17B12,-0.5772550740470985,0.09442599201653112
HSP90AA1,-0.057820793882010314,0.0852204091401472
HSP90AB1,-0.22413067492109778,0.0803971408065749
HSPA14,-0.3965680626365624,0.11346484015909156
HSPA5,-1.1883915999028927,0.0867967269319959
HSPA8,-0.3313530347171637,0.09134752447716016
HSPE1,-1.663885396941004,0.10715092735244956
HUS1,-0.39607961883952336,0.11102987505464271
IARS2,-0.7956735494051961,0.11000310369190422
IBA57,-0.10762878125758629,0.12545640727746105
IDH1,-0.1261930444282594,0.07432088501188257
IDH2,0.0013417091527069811,0.07899737423358948
IDH3A,-0.20382070890992893,0.10040343270640895
IER3IP1,-0.17200276766205413,0.08994783501913449
IGF1R,-0.1701948652585578,0.08741425893309175
IKBKB,-0.06451841466375331,0.08343572237918295
IKZF1,0.1697905680990538,0.10667536186022235
IL2,0.16544184268026144,0.10185513497063797
IL21R,0.010064991502791987,0.11072754592907881
IL6ST,-0.016051238164603104,0.08087478584802506
IL7R,0.1210939427045398,0.09452930018164156
ILK,-0.2952753823743623,0.1223321701963985
IMPDH2,-0.47064226754066485,0.1312194519936183
INTS10,-0.3903407016266086,0.09405097893093162
INTS12,-0.43814739014323845,0.09823439666624749
INTS6,-0.7543008133041956,0.09742478774605955
IPO9,-0.7577014566642417,0.09276902673445264
IPPK,-0.2944446588977908,0.11482496057377321
IRF2BP2,-0.14162889050740501,0.10550204344314704
IRF4,-0.18623233794610367,0.09655399195835633
IRS2,-0.40763532410779146,0.08141870435516692
ISCA1,-0.0634822165574172,0.1255045130557821
ISCA2,-0.5317814760864314,0.11714751624522061
ITGAV,-0.3259541029376056,0.15283315288754926
ITGB1,-0.04726273367322166,0.11818709337714013
ITGB5,-0.2666492595290129,0.09383705667769987
ITK,0.07235972323379469,0.09240943575195805
JAK1,-0.04676280650643379,0.08509263184699604
JAK2,0.2630103301772263,0.1107001810361659
JAK3,-0.11755730759893183,0.0832453017389128
JUN,-0.21171262442340363,0.09171303078310977
KAT6A,0.12096683661082815,0.10003450385548127
KAT6B,0.015301917941247849,0.08298954133255046
KATNB1,-0.4759414178198598,0.08429944878717645
KCMF1,-0.6818533503277501,0.09964187744872409
KCNJ5,0.27807479970866683,0.11443747892502973
KCTD10,-0.3986857853848019,0.08846830900202433
KCTD5,0.021450849720806103,0.1109661607469226
KDM2A,-0.563112029618838,0.08268690775737955
KDM5A,-0.040611009953872346,0.08958266288794023
KDR,-0.07943545763534827,0.08270719056004505
KDSR,-0.31148414663753254,0.09049133911949038
KEAP1,-0.011453811604758423,0.14062435388983371
KIAA0391,-0.38497984947802955,0.13431659838231835
KIF11,-1.5275461155620258,0.10181124894427127
KIF18A,-0.9524541272153478,0.10396097731321009
KIF18B,-0.40700009711095025,0.09363906827829131
KIF5B,0.051276669094440334,0.08460856281805308
KIRREL,0.4171346321922785,0.12021947811951851
KIT,-0.11036847535809607,0.08452798522884357
KLF4,0.08647653556688502,0.09044586744237072
KLF5,-0.15409376062151042,0.11882253032140232
KLF6,0.1064504976936153,0.0960027649876959
KLK2,0.13052947317309951,0.09955496535563695
KNTC1,-0.2694029740228206,0.10009699413399432
KRAS,-0.4555208302986161,0.09027214668325283
KRT18,-0.22542631706724872,0.10710527467577008
KTI12,-0.8234298130614247,0.0917511380849178
KTN1,0.3612758679291087,0.11110026532986385
LAMTOR2,-0.49634469531439535,0.08210190054868047
LAMTOR3,-0.45916907016266106,0.0835495802919883
LARS2,-0.3318904588492355,0.13946540185264264
LASP1,-0.05762538237436281,0.089909778618103
LCE3C,0.05269683175528041,0.13823480172790495
LCK,0.12407102452051441,0.09974913359045164
LCMT1,-0.35287323379460994,0.09988690314191746
LDB1,-0.10128478999757197,0.09727966105506052
LEF1,0.1022741077931537,0.09857507519042182
LETM1,-0.8259515659140567,0.11614049118207048
LIAS,-0.1372876911871814,0.14003799067130296
LIFR,0.05132946103423156,0.08394772577478678
LIPT1,-0.09626238164603076,0.13436222447140098
LMNA,-0.020994865258557902,0.10554680699671037
LMO1,0.2185705025491619,0.10579596873578327
LMO2,0.13015337460548723,0.12166861789659418
LONP1,-1.0113389536295254,0.1060515397506738
LPP,0.14371318281136278,0.08865054626339088
LRIG3,0.1478910172371931,0.10431174668808936
LRP1B,-0.19193237436270838,0.08214560531702765
LRPPRC,-0.5005724690458853,0.13159279789146722
LSM10,-0.35115679776644804,0.12461925111620949
LSM12,-0.37663197378004376,0.08944144593149408
LSM5,-0.5461716193250786,0.10228260284830176
LYL1,-0.09364849478028676,0.08224184075642109
LZTR1,0.19086215100752563,0.1169318715448937
MAD2L1,-0.6247703447438704,0.10256973658196376
MAD2L2,-0.967144986647246,0.09961362991266963
MAF,-0.14318685360524402,0.07108362435641745
MAFB,0.15579355426074273,0.09175905396698016
MAGOH,-0.5819667030832711,0.09142217128975234
MALT1,0.2300624666181117,0.10257943288172953
MAML2,0.05307872056324334,0.09466022799586182
MAP2K1,-0.040254649186695725,0.09202681064115355
MAP2K2,-0.13390332605001184,0.09781178072582943
MAP2K4,0.0688746904588492,0.0878661302796645
MAP3K1,0.06234476814760851,0.10046674232483983
MAP3K13,-0.033700643360039056,0.08664884873419648
MAP3K7,-0.05364624908958495,0.09435873812959857
MAP4K4,0.2909888079630965,0.10188683624903111
MAPK1,-0.09862728817674173,0.11399594892433774
MARK2,-0.1889596504005826,0.09325463359552091
MARS2,-0.8228229788783697,0.1291694891280245
MASTL,-1.3682998543335703,0.0877765887710043
MAT2A,-0.9091261107064803,0.08098306552225754
MAU2,-0.5403882010196667,0.11252783530538799
MAX,-0.44190603301772174,0.07961164226812067
MBNL1,-0.22683477785870337,0.09728837062200182
MBTPS1,-0.5542462612284551,0.10649865042271842
MCL1,-0.5405643117261458,0.09085061268187435
MCM6,-0.750380067977667,0.1171719307909459
MDM2,-0.3859596139839759,0.12529711907987934
MDM4,-0.019006433600388364,0.10655006859741349
MECOM,0.13703546977421716,0.09958575213905226
MED1,-0.756320417577083,0.10134099614713034
MED10,-0.5204575503763053,0.09862569140329845
MED16,-0.028258557902403576,0.12597819770354565
MED19,-0.420305001213887,0.1072874086376918
MED23,-0.13319280165088554,0.11479492234229663
MED24,-0.3288610949259531,0.11555937930682458
MED25,-0.2300694100509834,0.10500039642657036
MED30,-1.423532325807234,0.10731522884488165
MED4,-0.8218662175285298,0.09592290551743012
MED9,-0.7174222019907726,0.08532522972449438
MEN1,-0.3417405923767904,0.09993017039086259
MET,0.14134265598446197,0.09855543673025066
METAP1,-0.4069647730031572,0.09381266633708796
METTL1,-0.4353837703326046,0.1161774178595038
METTL14,-0.7116037994658887,0.11463810585190909
METTL16,-0.9508420369021617,0.10824103703830874
METTL17,-0.381855219713522,0.11994066189430355
MFN2,-0.40227141296431185,0.12155155270805232
MIB1,-0.14479186695799984,0.09004836209388259
MINOS1,-0.4494876062151016,0.11142814349822645
MIOS,-0.49552375576596214,0.08248541286725843
MIPEP,-0.25692240835154134,0.12293957216022768
MIS12,-0.6066531803835895,0.10779276976159477
MITF,0.1132780286477295,0.12467685528067537
MKL1,-0.1961111798980333,0.08239348046274164
MLF1,0.11286016023306622,0.09584841611441583
MLH1,-0.1379547948531193,0.08480385707043768
MLLT1,0.13437147365865518,0.10782377529155858
MLLT10,0.22885560815731953,0.10989172220360317
MLLT11,0.07703370963826198,0.09202897484133123
MLLT3,0.11256659383345487,0.0895393261952358
MLLT4,-0.13360271910657903,0.08572989120526188
MLLT6,0.007533430444282639,0.09885541360190865
MLST8,-0.6171319737800446,0.08792823762506977
MMS19,-0.7927194707453272,0.10754996041852942
MN1,0.31086148336975084,0.11591573730924026
MON2,-0.14854437970381196,0.09458295365428677
MPL,0.042744646758921964,0.09435687858554427
MRE11A,-0.40583311483369694,0.12113550829556916
MRPL10,-0.6513005341102177,0.1223483851490726
MRPL12,-0.559058023792181,0.11127693491822888
MRPL13,-0.38072556445739225,0.11217517388158395
MRPL14,-0.4889341709152721,0.11876155198964435
MRPL15,-0.434985469774217,0.13281749218747557
MRPL16,-0.517624605486768,0.11892356228366985
MRPL17,-0.2323832119446467,0.1427603720305908
MRPL18,-0.5027168001942199,0.12725170945595438
MRPL20,-0.29724667394998766,0.12821534728124168
MRPL21,-0.8729146880310733,0.11487712525399275
MRPL23,-0.15732363437727603,0.13803809431794958
MRPL28,-0.30338589463462107,0.1281861589261774
MRPL32,-0.40657731245448103,0.1206049384102341
MRPL33,-0.7710882617140075,0.11817379257118069
MRPL36,-0.34709986647244473,0.11615880227176757
MRPL38,-0.5007729788783689,0.12390974980508482
MRPL39,-0.5404600145666428,0.11926686674178744
MRPL4,-0.6854372177713026,0.098854789324053
MRPL40,-0.2170350691915519,0.1324025455982884
MRPL41,-0.470013631949503,0.12441955288254188
MRPL43,-0.5538937242049047,0.1284645320878767
MRPL46,-0.1599511896091287,0.13850753600050794
MRPL47,-0.11352748239864079,0.12979928529080395
MRPL48,-0.06766586550133548,0.13441847831537848
MRPL49,-0.607716241806264,0.10990637588385434
MRPL53,-0.6036703447438679,0.11328405978624453
MRPS11,-0.5760977785870321,0.13196061267685705
MRPS12,-0.4478531196892459,0.11532434163939477
MRPS14,-0.4832692886622986,0.12526970430420972
MRPS16,-0.5197908108764248,0.11465893795607379
MRPS17,0.048266314639475796,0.13539141020593548
MRPS18B,-0.3771694464675888,0.11395874865369778
MRPS18C,-0.10661524641903355,0.13288883564695356
MRPS22,-0.4693493202233558,0.11106015804476221
MRPS23,-0.6425367564942952,0.12146835556836733
MRPS24,-0.4317074775430918,0.13019138778425593
MRPS25,-0.30897804078659824,0.12715747468013117
MRPS31,-0.3454105122602582,0.12234318544256491
MRPS34,-0.46883254430687143,0.11847145562588059
MRPS35,-0.382252233551832,0.11785073066745062
MRPS5,-0.4961560937120661,0.12412008953629797
MRPS6,-0.4584636319495045,0.13202363479218499
MRPS9,-0.42816331633891913,0.11060715915130855
MRTO4,-0.7990683903860172,0.09371822263987636
MSH2,-0.17966201747997065,0.0766210922512204
MSH6,0.059641175042486005,0.0874732592950561
MSI2,-0.10200966253945137,0.08127421566482652
MSTO1,-0.6793216314639464,0.09545262403904844
MTG1,-0.1292204782714252,0.12997362717125685
MTHFD1,-0.1159026584122361,0.15914439187993487
MTOR,-1.0149215464918697,0.09047259053950578
MTPAP,-0.639319834911385,0.11816636016358961
MTRF1L,-0.10382873270211236,0.12448375392059721
MUC1,0.028452282107307623,0.08726821427437685
MUTYH,-0.010994209759650387,0.092685883289377
MVD,-0.7373789512017465,0.11419599431043953
MVK,-0.9649775552318504,0.10852597960659269
MYB,-0.468851687302742,0.13000923589035396
MYBL2,-0.5370342680262203,0.11132814840530343
MYC,-1.3613041879096892,0.13304029633839462
MYCN,0.020218402524884632,0.08219179617431971
MYD88,0.032081949502306466,0.1153757005840059
MYH11,-0.07320405438213147,0.0854625748784435
MYH9,-0.38215569312940045,0.10533696493673096
MYO5A,0.17425370235494064,0.12085179836080356
MYOD1,0.09594402767662012,0.09957352887431387
N6AMT1,-0.48596936149550934,0.11387925837306419
NAB2,0.03626272153435288,0.10261492237712133
NAE1,-0.8036442218985211,0.10131131606489938
NAMPT,-0.2226649550861865,0.15244885266657746
NAPG,-0.5193471109492607,0.08930433736271827
NARS2,0.011711556202961897,0.13829787248665368
NBAS,-0.5067743748482633,0.08812573707713599
NBN,0.005897329448895319,0.11722536183687737
NCAPD3,-0.9084160840009724,0.09648707250875513
NCAPG2,-0.83619396698228,0.08982344118506405
NCAPH2,-0.7235152464190341,0.10248480839171434
NCBP2,-1.3583249939305693,0.09415477946555112
NCKAP1,-0.45618708424374843,0.09754264964791279
NCOA1,-0.05381820830298636,0.07842166836120495
NCOA2,0.2906999150279202,0.11386881458471607
NCOA4,-0.3808065549890752,0.07722041741343444
NCOR1,-0.03685962612284516,0.09132012317011971
NCOR2,-0.11976461519786351,0.08181374179267946
NDE1,-0.42651982277251765,0.08060219628671392
NDNL2,-0.8004483491138608,0.0923070745275539
NDRG1,0.11874297159504762,0.09829538699080775
NDUFA11,-0.35732626851177446,0.1297308032444525
NDUFA2,-0.3127345229424607,0.1277384560778967
NDUFA6,-0.26975322893906234,0.13768042387135596
NDUFA8,-0.2253835396941014,0.1445889980257241
NDUFAF1,-0.0750556688516629,0.13569025194613366
NDUFAF3,-0.24715059480456414,0.13290579446725512
NDUFAF4,0.03132394998786108,0.13300085071505488
NDUFB10,-0.2321072104879834,0.14286062056576734
NDUFB2,-0.10424005826656962,0.12840096053675137
NDUFB3,-0.23221221170186937,0.13205521677753784
NDUFB4,-0.4313088006797763,0.11916837752110952
NDUFB6,-0.35151806263656254,0.13900468891798118
NDUFB8,-0.3169577688759412,0.12765247408133606
NDUFB9,-0.19594429473173045,0.13256005581811264
NDUFC1,0.0044630250060694295,0.13520141353217946
NDUFC2,-0.06748831026948292,0.1464098388875332
NDUFS1,-0.18848512988589497,0.13971015958055158
NDUFS2,-0.24308690216071896,0.12825063771340292
NDUFS5,-0.523675345957755,0.13356282412299875
NDUFS8,-0.20706676377761582,0.13619645344338538
NDUFV2,0.017535748968196242,0.13746567951551542
NF1,0.0845828963340614,0.10246270215951868
NF2,0.34080731973780154,0.14439983317814686
NFATC2,0.11184453750910407,0.10452667112093297
NFE2L2,-0.2263086428744842,0.08751215506364188
NFIB,-0.0705187181354697,0.08402053962924859
NFKB2,-0.18561153192522434,0.08055802966067253
NFKBIE,-0.384248737557659,0.07683416966934496
NGDN,-0.1970349478028642,0.11936728046703013
NHLRC2,-0.7918753338188896,0.09341329234209579
NIN,0.1033614226754066,0.1087078980852313
NIPBL,-0.24326234522942408,0.10034380355704821
NKX2-1,0.2418279315367804,0.11840945574110318
NMNAT1,-0.28039181840252575,0.11747962940297935
NMT1,-0.7659975236707931,0.10568598019829199
NOA1,-0.09108968196164131,0.12453692313900001
NOTCH1,0.07497745812090292,0.08893771978186044
NOTCH2,0.07885807234765738,0.09742584478275024
NPM1,-0.5666357853848015,0.07449492259482783
NR2C2AP,-0.43127572226268485,0.1064718224737208
NR4A3,0.0813995023063848,0.09680841716696102
NRAS,-0.09594414906530717,0.10381435305202132
NRG1,0.3432476329206117,0.11034919436220506
NSD1,-0.2942063971837824,0.08206929898855884
NSMCE1,-0.6827989196406931,0.11235837662287403
NSUN4,-0.25561767419276543,0.13020939282713986
NT5C2,0.006672044185481884,0.0918756316371877
NTRK1,0.14270971109492545,0.10497627805369808
NTRK3,0.09796269725661541,0.09967271603252167
NUBP2,-0.6035005219713513,0.11327585850437129
NUDT4,-0.7188041757708185,0.08384738293008039
NUF2,-1.0385224447681478,0.08466217883663087
NUMA1,-0.47164559359067804,0.08087212673788442
NUP214,-0.7219094683175514,0.0820230615856621
NUP43,-1.1946716314639438,0.09507755890261106
NUP98,-0.6975959334790017,0.08229594982048027
NXT1,-0.2857262320951679,0.1064595318215542
OBFC1,-0.3523806991988336,0.1022318367375129
OGDH,-0.41054184268026184,0.1255162241146635
OIP5,-0.7559654406409342,0.12023550482049991
OLIG2,0.18451284292304007,0.1039160949289857
ORC5,-0.4334071255159022,0.11036357557746489
ORC6,-1.2535342680262225,0.09330250371939579
OXSM,-0.055643639232823464,0.12986920589081286
PABPC1,-0.7673537509104185,0.09149495538432124
PAFAH1B2,0.02509907744598202,0.09029623997301311
PAICS,-0.4142288298130619,0.15729576107114007
PALB2,-0.34279168487497075,0.11014258556609695
PARD6B,-0.19695572954600607,0.08143186587193003
PARS2,-0.37911689730517034,0.12043102688650456
PAX3,-0.004397596504005803,0.09459021083840723
PAX5,0.019963073561544135,0.08709966943956701
PAX7,0.02629355426074291,0.09283551998707765
PAX8,-0.03490263413449869,0.10373692896589186
PAXIP1,-0.06320353241077963,0.12866365209767025
PBRM1,-0.1442116897305174,0.08950142200242571
PBX1,0.0961012867200774,0.08295216542543789
PCBP1,-1.0174159383345467,0.09436913818082984
PCF11,-1.0517742655984448,0.0960891588257192
PCM1,-0.17957989803350277,0.08367860951637592
PCNA,-1.5201344865258442,0.10732044001678663
PCYT1A,-0.3609988103908704,0.12781918513816135
PDCD10,0.46021746783200024,0.12133726398359407
PDCD1LG2,0.23921563486283123,0.11466584303065269
PDCD2,-1.0976412114590897,0.10246432105344114
PDCD6IP,-0.4224016630250062,0.08771700615684924
PDE12,-0.13621842680262228,0.12970375776437618
PDE4DIP,-0.4368557174071358,0.08675206143576061
PDGFB,0.11710440640932243,0.1299063117733653
PDGFRA,-0.19260984462248146,0.07256025670817892
PDGFRB,-0.03301136198106326,0.08352617936053007
PDS5A,-0.4017124908958462,0.09066875954726693
PELO,-0.8127307477543065,0.09235027779801455
PER1,0.36258224083515533,0.12271011236487567
PES1,-0.7098558266569549,0.10559404311631855
PET112,-0.005882301529497401,0.13336397121269727
PET117,-0.312775746540423,0.12785910775745696
PFAS,-0.33605848506919206,0.1365156603062391
PFDN1,-0.7140782714251054,0.09574830732318103
PFN1,-0.7500895484340847,0.08914421432746059
PGD,-0.8347215586307352,0.13333328912258943
PGM3,-0.18695433357611085,0.14957933242447632
PGS1,-0.7611364408837065,0.09768783057943888
PHF12,-0.49948083272639027,0.10055650964451426
PHOX2B,0.12777375576596287,0.1005446150216726
PICALM,0.030280007283321173,0.09979208291603839
PIK3C3,-0.7172177227482374,0.11197165825360018
PIK3CA,-0.3314218621024523,0.09178639228010568
PIK3CB,-0.0574253216800193,0.09131421974208505
PIK3R1,0.09428301772274791,0.08672931541995649
PIM1,0.14705092255401803,0.09030508818539226
PITRM1,-0.15324779072590386,0.11703967183003361
PKMYT1,-0.7833256979849477,0.1254370447510996
PLA2G10,-0.8768080966253926,0.09487197059617525
PLAG1,0.24702924253459466,0.11186574968937364
PLCG1,0.06192040543821311,0.09413125867713404
PLK1,-1.4047128550619101,0.09313450281213054
PML,0.15054918669579997,0.10826994249499597
PMM2,-0.2269306020878859,0.12017513481104497
PMS2,0.03162665695557165,0.10627978922967948
PMVK,-0.3814242291818408,0.14273363475676742
PNPT1,-0.6222692036902173,0.10929378014491788
POLD1,-0.9091403253216811,0.0905326647660885
POLE,-1.1705869992716655,0.08116415295789703
POLE3,-0.320107113377034,0.09754811998667481
POLG,-0.1358159261956786,0.13916381311814968
POLQ,-0.37251343772760315,0.07921698275735677
POLR2J,-1.5395747390143226,0.10503130970155655
POLR2L,-1.715673525127459,0.10664392200444071
POLR3F,-0.8708107550376323,0.10687928186442526
POLRMT,-0.3560522699684385,0.12630854258771504
POP5,-1.2037902524884703,0.10323502456565542
POP7,-0.5596023185239141,0.09320929661099639
POT1,-0.48389297159504757,0.10335334466405911
POU2AF1,0.03269516873027445,0.0875080049386691
POU5F1,0.0487256372906044,0.11739573127237837
PPA1,-0.8704352876911888,0.09915560467915899
PPA2,-0.37361972566156776,0.1195272181175185
PPARG,0.14738446224811813,0.0965161029923267
PPAT,-0.4415586671522207,0.15709728133202602
PPCDC,-0.11236287933964546,0.12584652025548979
PPFIBP1,0.06782906045156586,0.08538374347204115
PPIH,-0.48028873512988596,0.09680483308942148
PPIL1,-0.6248349842194713,0.09938072763954328
PPM1D,-0.08065597232337922,0.11561486987239483
PPP1R12A,-0.722051747997086,0.13708668405469415
PPP1R15B,-0.7807969045884952,0.09267500305997525
PPP1R2,-0.9234468681718855,0.10030956438804917
PPP2CA,-0.8279012988589441,0.09148997583391096
PPP2R1A,-0.956804989075018,0.11707652020584328
PPP2R2A,-0.2075069191551341,0.10808798413491268
PPP2R3C,-0.6389676863316324,0.09377986721980211
PPP2R4,-0.7293624666181127,0.0920666750267594
PPP4C,-0.9003685967467847,0.11354198987669198
PPP6C,-0.7765144452537017,0.1078162749679964
PRCC,-0.24035898276280684,0.09003841049351943
PRDM1,0.03281084000971098,0.08979907605025174
PRDM16,-0.0021780407865987107,0.08681691394775437
PREX2,0.3160821558630728,0.12320023020323703
PRF1,0.0755744112648704,0.09104845991110638
PRKACA,-0.012319737800436981,0.1010192788483118
PRKAR1A,-0.14306989560572952,0.0918161438008356
PRKRA,-0.6446472808934213,0.09356552948134557
PRRC1,0.2796504734158776,0.15383386106934333
PRRX1,-0.018601747997086658,0.08012143217342876
PSIP1,0.004491781985918898,0.08594341073465754
PSMA3,-1.6279567734887068,0.0896817563597674
PSMB5,-1.1733702719106542,0.1148152379370367
PSMB6,-1.469695180869145,0.11371996607663942
PSMB7,-0.683856008739983,0.10849415810312718
PSMC1,-0.628875977178927,0.10399478611776643
PSMD7,-1.640813983976693,0.09373248784504493
PSMF1,-0.2653857004127213,0.08775701396643187
PSMG1,-0.6443087278465645,0.09009018680193613
PSMG2,-0.6636388686574413,0.08870496115116834
PSTK,-0.5379163753338206,0.09232403277869958
PTAR1,-0.33220852148579716,0.09187301642009309
PTBP1,-0.46887414420975915,0.10668720192559136
PTCD3,-0.5281916727361001,0.11712875174422459
PTCH1,0.19882251760136044,0.10957093365238263
PTDSS1,-0.23962749453750914,0.09787271159263286
PTEN,0.7695040543821338,0.14820537291012736
PTK2,-0.540845229424617,0.1267201624302183
PTK6,-0.0418846686088856,0.08752830868231856
PTPMT1,-0.5645017237193506,0.1126090196027287
PTPN11,-0.41012546734644256,0.0912983327962267
PTPN13,0.020828356397183816,0.08714323788007622
PTPN23,-0.8976643481427554,0.09077068596909475
PTPRB,0.030746382617140088,0.09564490044285538
PTPRC,0.35688451080359296,0.11153955321102246
PTPRK,0.32927588006797653,0.11715287355689454
PTPRT,0.006409007040543816,0.09331935667187455
PYROXD1,-0.6723935299830054,0.10579233750636415
QKI,-0.05986199320223337,0.0814859756819061
QRSL1,-0.31014963583393806,0.13548060455817232
RAB10,-0.348785433357611,0.1253844886990116
RAB35,0.06819934450109259,0.11535398058650712
RAB6A,-0.531368560330178,0.10958463963145919
RAB7A,-0.25796433600388446,0.08375352369589154
RABEP1,-0.1669523670793878,0.08117293520720553
RABIF,-0.419524654042241,0.09958118843883859
RAC1,-0.4851456664238892,0.12278190255918751
RAD21,-1.1062900704054401,0.08938980525911816
RAD51B,-0.1513401675163874,0.09167289678351949
RAD51D,-0.7106772760378726,0.0987918319398563
RAD9A,-0.9016054382131584,0.11333644745823397
RAF1,0.013273464433114815,0.08607471189658579
RAN,-1.9572718499635826,0.12366787009156634
RANBP2,-0.5335398761835393,0.08288138701193298
RAP1GDS1,0.1279107064821554,0.0996186183067161
RARA,0.15422788298130594,0.11920300429408649
RARS,-0.48371194464676026,0.11192763513429062
RARS2,-0.519551760135954,0.12739796347863752
RB1,0.3233582180140807,0.10358787997735788
RBBP6,-0.8283933843165824,0.08266547244014001
RBM14,-0.9136657441126479,0.1030829667317758
RBM15,-0.29779856761350015,0.08183258394124453
RBM18,-0.1875389900461282,0.09626358051352774
REL,0.062441879096868394,0.09626408569236446
RET,-0.05397370721048802,0.08764123421132163
RFK,-0.4039829570284066,0.12054099921506299
RFWD2,-0.26895128672007673,0.09510786226744797
RGP1,-0.4188407744598198,0.07782201397998083
RHOA,-0.3965388443797033,0.09077378163925073
RHOH,-0.12962765234280166,0.08899515950185391
RIC8A,0.02926143481427519,0.11035957380402672
RICTOR,-0.4271906409322643,0.08049020711351768
RMI2,-0.11841446953144011,0.11560858343408509
RMND5A,-0.32861405680990563,0.07980592084988074
RNASEH2C,-0.3772859189123585,0.10255642311972302
RNF168,-0.49489113862587814,0.09028289937487514
RNF213,0.19840790240349573,0.1113627223231731
RNF4,-0.6376068705996603,0.07989129280512854
RNF43,0.1834986040301045,0.12010712016727293
RNPC3,-1.4981718378247162,0.11331477012604126
ROCK2,0.20698252002913328,0.09695948983195735
ROMO1,-0.8938013474144183,0.0998881887385043
ROS1,0.19971438455935872,0.1102966830375176
RPA2,-1.1974436392328243,0.10749152774176339
RPAIN,-1.1889641781985938,0.0995195415491659
RPE,-0.7298980699198812,0.10296528188672192
RPF2,-0.6874756979849495,0.1116311948900608
RPIA,-0.28935547462976574,0.15197662360817973
RPL12,-1.6663800194221892,0.10807505807586273
RPL21,0.1303310997815002,0.10671112322702536
RPL22,0.0033469774217043027,0.08559747858068566
RPL35A,-0.23978321194464602,0.10357707165577769
RPL37,-1.662551942218981,0.10402577319444295
RPL4,-1.5180902039329918,0.09840286672938192
RPL5,-1.1201779800922567,0.08419698362855532
RPL6,-0.9079399854333576,0.09141806249121538
RPL8,-1.3427504612770091,0.09939605169547516
RPL9,-1.3601735979606735,0.10181158502497134
RPN1,-0.9641631342558854,0.08644599083600428
RPP21,-1.2089335518329736,0.10637077080684985
RPRD1B,-0.41645086185967567,0.09746857297486627
RPS10,-0.24975024277737273,0.1120052049470956
RPS13,-1.376073792182567,0.09870400987249932
RPUSD4,-0.23587844136926459,0.13140986658571405
RRAGA,-0.3581985069191544,0.08069291052284046
RRAGC,-0.16983960912842871,0.09662386616760736
RRM2,-1.5891611556202927,0.09840482477964389
RRP1,-0.5793973780043699,0.11978817551159548
RSPO2,0.2201172129157567,0.11663987598574287
RSPO3,0.2515932993445009,0.1070566177836751
RTTN,-0.6642421704297162,0.09700943940700195
RUNX1,0.08008037144938107,0.10339506795399331
RUNX1T1,-0.051814420975964844,0.07278520919253963
SALL4,-0.05114501092498192,0.08747282535046824
SAP30BP,-1.20858590677349,0.09718233581263899
SARS2,-0.47466911871813555,0.12930346939035645
SATB2,-0.08994397912114552,0.08452391402033148
SBDS,-1.295334401553777,0.08696341022781386
SCAF8,-0.06525816945860641,0.099868326107451
SCAP,-0.8232731852391415,0.13246817721102846
SCD,-0.47260019422189764,0.11320154520721631
SCO1,-0.13416151978635552,0.1216512444680407
SCO2,0.08492682689973322,0.1293015819070586
SDC4,-0.04927487254187915,0.0827230155994009
SDHA,-0.4111906409322655,0.12125891884884332
SDHAF2,-0.4509194221898541,0.11012595627618986
SDHB,-0.42927083029861585,0.14355883429002023
SDHC,-0.5924986283078395,0.10894664370403907
SDHD,-0.7825468803107568,0.09695334726487559
SEPHS2,-0.8214925588735149,0.14958866069598983
SEPSECS,-0.5687827628065073,0.09108642449030792
SET,-0.34577959456178914,0.08707182023524117
SETBP1,0.05109638261714001,0.08817304760188331
SETD2,-0.45553718135469495,0.08060613393253202
SETDB1,-0.5680595654284994,0.09141423126484564
SF3B1,-1.1351916120417567,0.08502081604672923
SFPQ,-1.3423143117261465,0.08361816133418545
SFRP4,0.053532180140810896,0.09541578585190157
SGOL1,-0.7525275916484572,0.10138888413660029
SH2B3,0.20719459820344735,0.12289068154378588
SH3GL1,-0.20662834425831522,0.09010037147530156
SHOC2,-0.1378205389657678,0.08853054842794948
SIX1,-0.04627563729060468,0.08294277857737817
SKP2,-0.6367371449380873,0.08147657954605132
SLC25A26,-0.3267590555960182,0.12585958408664893
SLC25A28,-0.22815700412721593,0.10450820109911371
SLC25A3,-0.5094199805778099,0.10278994288707174
SLC2A1,-0.3824942583151252,0.08238317662322754
SLC30A9,0.018602148579752446,0.12765360761173808
SLC33A1,-0.08365651857246927,0.09155908454770331
SLC34A2,0.29165072833211947,0.12005209768314982
SLC35B2,-0.17688049283806723,0.11633545955424088
SLC39A7,-1.0407897547948548,0.09411938756558291
SLC3A2,-0.324305413935421,0.0858850131946591
SLC45A3,0.13080320466132542,0.10613769192616754
SLC4A7,-0.17585407865986885,0.1166549402135498
SLC7A1,-0.12667761592619534,0.11145807790780686
SLC7A5,-0.46829317795581454,0.0978861815927438
SLMO2,-0.845257890264625,0.09794707528035895
SMAD2,0.18071863316338846,0.10519191487381659
SMAD3,0.18697076960427286,0.10373026796703473
SMAD4,0.09940006069434339,0.09573671969866651
SMARCA4,-0.3041785870356875,0.09446238083955072
SMARCA5,-0.3353036052439917,0.10508853166780242
SMARCB1,-0.8717594197620785,0.09521747973304891
SMARCD1,-0.03797808934207327,0.12650560689840182
SMARCE1,-0.5605615926195683,0.08157086580441969
SMC6,-0.4928111920369001,0.11043606876296432
SMG7,-0.4102197256615671,0.09299193627284182
SMN2,-0.9692837460548659,0.0943982188058468
SMO,-0.0268928380674921,0.08971969233235493
SMU1,-1.4007604151493103,0.10013926360203804
SNAP23,-0.5426184025248844,0.12600944722623722
SNAPC3,-1.048668608885652,0.0916380555068377
SND1,0.21663037144938077,0.1115203679457129
SNRPA1,-1.4102484462248142,0.09214871311293475
SNRPB2,-0.4705773610099525,0.08408398640397252
SOCS1,0.02295899490167512,0.09624582255793789
SOCS3,-0.21595078902646203,0.09017087900466975
SOD1,-1.149256664238892,0.1059468238733395
SOD2,-0.6904310269482898,0.08746406676560078
SOX10,-0.3900289390628785,0.10298524513883446
SOX2,0.11816097353726619,0.10095022895358888
SOX9,-0.2240780772032055,0.09315518466151294
SP1,-0.1935632677834425,0.10865933930438944
SPATA5L1,-1.0425390021849992,0.10575142072800486
SPEN,0.19009825200291317,0.11132303273683415
SPOP,0.10882904831269709,0.10720739679924307
SPTSSA,-0.47649173343044615,0.08428502492690898
SRC,0.018308618596746786,0.0960046595611421
SREBF1,-0.316451650886138,0.11527888941313076
SRFBP1,-0.7642065428502084,0.09321879351348775
SRP14,-1.0166849478028654,0.09312585336981727
SRSF2,-1.4826715464918565,0.08841306749470615
SRSF3,-1.2510589706239366,0.08146187271955092
SS18,0.14353208302986153,0.09740763233894956
SS18L1,0.14086206603544563,0.10433590004554831
SS18L2,-1.5466573318766617,0.10386229425552236
SSBP1,-0.2972973173100272,0.12132268872136522
STAMBP,-0.29685790240349547,0.08916345469631098
STAT3,0.17489028890507372,0.10076849512375503
STAT5B,-0.08745963826171414,0.08457239564760131
STAT6,-0.06334583636805055,0.10090603416798707
STIL,-0.49808415877640283,0.10367130611420472
STK11,-0.2162014445253702,0.09451922316932376
STRAP,-0.7212901675163881,0.08599902837939877
STRN,0.03536137411993187,0.09559599723171225
STX4,-0.08705372663267803,0.14086355554048985
STXBP3,-0.14588556688516632,0.1157469499518201
SUFU,0.1316021000242777,0.10155054422070298
SUPT7L,0.005943092983733955,0.1168194857599351
SUPV3L1,-0.8073016023306624,0.10296599652673702
SUZ12,-0.0820319130857008,0.11508315322352405
SYK,0.17532872056324408,0.09673935474301812
SYNCRIP,-0.288823646516144,0.0754404610284934
SYS1,-1.2038441005098337,0.09691447491953889
TACC3,-0.48450060694343156,0.09223134131138802
TADA1,-0.2444534717164366,0.13452290344334128
TADA2B,-0.2050086185967467,0.13357148096733704
TAF15,0.04996278222869601,0.09914746287299978
TAF5L,-0.172531767419276,0.1430095216732245
TAF6L,-0.3644814032532168,0.11781688962873309
TAF8,-0.8273622845350788,0.09444550498808872
TAL1,-0.054786877882981276,0.08521788040944465
TAL2,0.024118790968681712,0.10276169310919026
TAMM41,-0.9267425831512515,0.11065249250832204
TAOK1,0.31278690216071775,0.11381575263146851
TARS2,-0.6470062272396213,0.12133112910679804
TBC1D3,2.442552573440163,0.15981358102436236
TBC1D3C,-1.641903411022095,0.12337744211716105
TBL1XR1,-0.26359277737314896,0.08055178407388933
TBX3,-0.188010475843651,0.07366103462540295
TCEA1,-0.071574059237679,0.0916218273169166
TCEB2,-1.0943717528526302,0.09579425801436407
TCEB3,-0.15163191308570104,0.09100137699086096
TCF12,0.2265646516144694,0.10403550035739723
TCF3,0.05206948288419525,0.08805395235243178
TCF7L2,0.010164457392570976,0.0957871502300899
TCL1A,0.040231209031318334,0.09247993355053723
TCOF1,-0.481383236222384,0.09315435852720469
TEAD1,-0.10599268026219964,0.10903543055523558
TELO2,-0.5762063850449112,0.11484517287196523
TEN1,-0.4882756979849474,0.11376993219673037
TERF1,-0.719315270696769,0.09200862879971415
TERT,-0.0034607914542364522,0.1037088816284713
TET1,0.17816573197377938,0.10606259292000098
TET2,0.2340263049283804,0.11222171140870284
TFAM,-0.44880100752609714,0.11850690570955887
TFAP2A,0.18921218742413137,0.13213305361374705
TFAP4,-0.311236562272396,0.10348120351716047
TFB1M,-0.0459056567127943,0.13251162015145515
TFB2M,-0.435574484098082,0.117387293802887
TFEB,0.04538676863316324,0.09955837468840759
TFG,-0.08460013352755516,0.10251205975386973
TFRC,-0.8301155620296187,0.14629814085986087
TGFBR1,-0.030050606943433034,0.08045938096296533
TGFBR2,0.1527529133284786,0.08642364122000261
TGIF1,0.08018347899975709,0.11597426591548687
THAP1,-1.1565052318523883,0.09887993310441738
THAP11,-0.48574275309541215,0.10452635523804191
THOC1,-0.9667946953143992,0.08765652054108916
TIMM10,-1.0591570284049563,0.10772940354408801
TIMM13,-0.6180200776887579,0.09822725235401557
TIMM17A,-0.23705417577081747,0.08698489940984189
TIMM9,-0.47764204904103025,0.10861542401671229
TIMMDC1,-0.018085069191551343,0.13181804424463858
TINF2,-1.0971806627822276,0.0955104209168414
TIPARP,-0.12361995630007315,0.0898843172791508
TKT,-0.4355318159747511,0.13296099280265933
TLX1,0.10299170915270708,0.10135990348477171
TLX3,0.04884185481913103,0.09677996005715504
TMED10,-0.31974997572226294,0.09098077385278475
TMED2,-0.6544310633648972,0.08003121905490412
TMEM127,-0.35202344015537695,0.08296835064354403
TMEM167A,-0.33818322408351464,0.07884826148744908
TMPRSS2,0.15683754552075707,0.10093620020064986
TMX2,-0.4088208788540919,0.10511789077052179
TNFAIP3,0.12618199805778088,0.09039182639883656
TNFRSF14,-0.059930432143724184,0.08100055928569855
TNFRSF17,-0.09114119932022322,0.07794935786128696
TOE1,-0.5236536780772033,0.10935590863786196
TOP1,-0.6030163874726864,0.09813378290814276
TP53,0.4653646516144703,0.19869792324270796
TP63,0.02733169458606452,0.12338419589976843
TPI1,-0.6397144816703092,0.1210544958442677
TPM3,-0.15614584850691862,0.07862415982698644
TPM4,-0.2958239985433379,0.07823766965368431
TPR,-0.8040272396212698,0.080704707583276
TPRKB,-0.47902459334789876,0.10195578982137302
TRA2B,-0.5797406773488735,0.08770778536078741
TRAF2,-0.26493381888807865,0.1156135336357925
TRAF7,-0.05603114833697498,0.10531774212325465
TRAIP,-0.8453942825928625,0.09093417118331838
TRIM24,0.11813924496236955,0.10160469689410238
TRIM27,0.024338528769118677,0.09811512873354784
TRIM33,0.0015686938577324293,0.0944190931885672
TRIM37,-0.09837192279679498,0.09106429621229073
TRIP11,-0.05812223840738036,0.0830016865879323
TRIT1,-0.2465605972323387,0.12357259388292302
TRMT61A,-0.2317686938577325,0.13137052206823618
TRPM7,-0.5093625030347162,0.13921142442472245
TRPS1,0.33042595290119015,0.11653729081054791
TRRAP,-1.1234883466860883,0.09441979945395311
TRUB2,-0.07212666909444046,0.1287402781838348
TSC1,0.2575943068705996,0.14705989360375682
TSC2,0.10191054867686333,0.1484028651679633
TSHR,0.20438146394756043,0.11162709367872621
TTC4,-0.609580067977661,0.09861618392470907
TTI2,-0.7963238164603054,0.09202684227893147
TUBA1C,-0.6104327021121643,0.10956797902859731
TUBB,-1.2137777373148784,0.09937065089068992
TUBB4B,-0.1395200412721532,0.10537499518041456
TUBE1,-0.4463819130856999,0.09604533960404556
TXNL4A,-1.5365549405195476,0.09907319623601832
TXNRD1,-0.4570811119203692,0.09744505134278851
TYMS,-0.3991802379218249,0.15136005911358963
U2AF1,-1.0932710973537278,0.09714258479453403
UBA5,-0.5688006190823015,0.09049025729364193
UBC,-0.6637080966253953,0.09756075780111705
UBE2D3,-0.6349457635348413,0.10061690071641811
UBE2G2,-0.33552203204661285,0.08473229993624905
UBE2H,-0.3846745569312934,0.09649277636509851
UBE2M,-1.0256257344015502,0.08848551753171756
UBE2N,-0.8086140932265133,0.10846386166786992
UBE2S,-0.30413680504976826,0.08559134243638065
UBIAD1,-0.3085189366351071,0.10476595379588477
UBR4,-0.8750289147851441,0.1101640579832638
UBR5,-0.5546414420975929,0.0901171373423813
UFM1,-0.7653067492109736,0.09041544172887672
UMPS,-0.45383969410050906,0.15127552906247904
UNC50,-0.4632320101966502,0.08544455243191493
UQCR10,-0.026258084486525793,0.14097273503889793
UQCRB,-0.3936970502549167,0.1158134341905323
UQCRC1,-0.4208529618839527,0.11477228080514522
UQCRC2,-0.4384325928623428,0.13778701221621642
UQCRFS1,-0.5443385530468562,0.10743651218721308
UROD,-0.5483929351784421,0.11956932487447614
USP14,-0.0469007040543822,0.08921111941962999
USP6,-0.2337825564457401,0.08145635210525852
USP7,-0.6251850084972098,0.09167605047108467
USP8,-0.7542639354212199,0.08162028728110532
UTP6,-0.3549484826414178,0.1245270515066317
UXS1,-0.4332789147851415,0.08448863996142883
VARS2,-0.41857785870357084,0.13080135425706732
VHL,-0.8382083758193766,0.09698382209548237
VPS18,-0.7134209152706966,0.09572503694447564
VPS25,-1.4056506190823002,0.0999223338552921
VPS33A,-0.6600074411264872,0.09557428195614268
VPS37A,-0.4025504612770098,0.10231899819560047
VPS41,-0.9446403981548938,0.08641260263742323
VPS45,-0.28069132070890995,0.10844929441795016
VPS4A,-0.29893420733187737,0.0871570496921689
VPS4B,-0.06404844622481168,0.09671566497373844
VPS52,-0.17205741684874978,0.12598193530825913
VPS54,-0.36608014081087514,0.0798472470639092
VRK1,-0.49417370721048776,0.1041667737090871
WDR1,-0.6642966982277239,0.0899802035295228
WDR18,-1.0704973780043678,0.11423176167554933
WDR24,-0.5885526219956323,0.0939956289231578
WDR4,-0.33605382374362747,0.11165711123680827
WDR46,-0.633658133042,0.08480206059808199
WDR48,-0.3830925224569079,0.10516440557283697
WDR61,-0.5883539451323132,0.09604312750633062
WDR7,-0.887732447195922,0.10844078331468503
WDR73,-0.4501258436513699,0.09308046997222814
WDR82,-1.4164019179412404,0.10278728741532014
WDR83,-0.28568165816945856,0.11629444457541939
WEE1,-1.5795661689730471,0.08755347154105103
WHSC1,-0.07876568341830524,0.07713979307237694
WHSC1L1,0.14728486283078435,0.09843821342544357
WIF1,0.022377955814518097,0.08950702476346353
WNK1,-0.9000578659868934,0.10177461709954586
WRB,-0.4744805049769359,0.11028655197100959
WRN,-0.11380986890021802,0.09119048153060832
WT1,0.23149949016751675,0.11181789770809746
WTAP,-0.512941818402525,0.09707191301117676
WWTR1,-0.3174888929351787,0.11143209140379137
XPA,-0.1384327506676379,0.09292938973519727
XPC,0.12136731002670559,0.11192926167736254
XPO1,-1.2482218014081032,0.08387668973210621
XRCC2,-0.42905520757465454,0.11571102297961695
XRCC3,-0.6434660233066273,0.10858509587805662
XRN1,-0.46791273367322356,0.10259624098389261
YAP1,-0.22134695314396696,0.09574989203913843
YARS2,-1.1052044913814008,0.11733518824840658
YME1L1,-0.21122821073076048,0.10301867463052526
YPEL5,-0.6910416848749722,0.0938273813723622
YRDC,-1.4653796067006601,0.13873935984474403
YTHDF2,-0.24102629278951354,0.09247546626148695
YWHAE,-0.07961081573197362,0.10067001635564905
ZBTB16,0.18801394756008744,0.10077511038424952
ZCRB1,-0.624465197863559,0.10796221787952856
ZEB2,-0.23837299101723738,0.12005155528462151
ZFHX3,0.07323787327021103,0.09048565088302483
ZFP36L1,-0.1437682689973294,0.11011859073707043
ZFYVE20,-0.22318171886380173,0.10434553608821456
ZMYND8,-0.5607899854333559,0.09605559047117958
ZNF131,-0.7363622966739506,0.08670100236047791
ZNF217,-0.4334672007768891,0.083244146368054
ZNF331,0.3924664360281612,0.12172171783443732
ZNF384,-0.09426166545277984,0.08827980058760924
ZNF407,-0.6320694828841951,0.0874747127667992
ZNF521,-0.0632055838795826,0.07908228120861356
ZNHIT2,-1.1333022942461763,0.09932881561211432
ZRANB2,-0.41992510318038145,0.08441657341445692
